role_key,role,direct_weight_pct,ablation_mode,horizon_days,usable_days,mean_return_contribution_pct,mean_return_contribution_bp,contribution_ci_low_bp,contribution_ci_high_bp,mean_crash_rate_reduction_pct_points,crash_reduction_ci_low_pct_points,crash_reduction_ci_high_pct_points,mean_names_replaced_in_top20,days_with_any_top20_change_pct
market_regime,Market Regime Judge,9.0,weight_only,1,296,-0.01273349662162164,-1.273349662162164,-2.918593201013514,0.27053386824324205,-0.06756756756756757,-0.16891891891891891,0.016891891891891893,0.34459459459459457,25.33783783783784
trend,Trend Follower,18.0,weight_only,1,296,-0.01780381756756755,-1.7803817567567553,-5.580753758445947,1.9904727618243256,0.05067567567567563,-0.18581081081081083,0.2875844594594591,1.4831081081081081,65.2027027027027
livermore,Livermore Breakout Trader,17.0,weight_only,1,296,-0.0057485135135134915,-0.5748513513513491,-2.2120180320945924,0.9612235219594614,-0.01689189189189187,-0.06756756756756757,0.033783783783783855,0.35135135135135137,26.68918918918919
volume_price,Volume-Price Analyst,14.000000000000002,weight_only,1,296,-0.012903412162162165,-1.2903412162162164,-3.2953448479729706,0.6916886824324344,0.016891891891891893,-0.08445945945945946,0.13513513513513514,0.4155405405405405,30.405405405405407
candlestick,Candlestick Pattern Analyst,8.0,weight_only,1,296,1.6959459459479795e-05,0.0016959459459479796,-1.0494853040540506,1.1213771959459469,0.0,-0.05067567567567568,0.05067567567567568,0.1554054054054054,12.5
overheat,Overheat Auditor,11.0,weight_only,1,296,0.004469729729729735,0.44697297297297356,-0.94461554054054,1.8494470016891889,-0.05067567567567565,-0.1351351351351351,0.01689189189189194,0.38175675675675674,27.364864864864863
risk,Risk Manager,18.0,weight_only,1,296,-0.005518479729729716,-0.5518479729729716,-1.9729817989864846,0.7726019847972989,2.400482215405744e-17,-0.05067567567567568,0.05067567567567575,0.31756756756756754,23.64864864864865
zhuge_orion,Zhuge Orion,0.0,weight_only,1,296,3.750753461571475e-19,3.750753461571475e-17,0.0,1.1252260384714425e-16,0.0,0.0,0.0,0.0,0.0
chair,Final Portfolio Chair,5.0,weight_only,1,296,-0.0005963006756756623,-0.059630067567566225,-0.7174217483108091,0.7345578547297319,-0.016891891891891893,-0.05067567567567568,0.0,0.0472972972972973,4.391891891891892
market_regime,Market Regime Judge,9.0,weight_only,5,292,-0.03848571917808216,-3.8485719178082163,-7.9334721746575285,0.052341267123292005,-0.08561643835616438,-0.2054794520547945,0.03424657534246575,0.3321917808219178,24.65753424657534
trend,Trend Follower,18.0,weight_only,5,292,-0.1113041780821918,-11.13041780821918,-20.615988184931517,-2.470301241438359,-0.11986301369863012,-0.39383561643835613,0.15453767123287637,1.4486301369863013,64.72602739726028
livermore,Livermore Breakout Trader,17.0,weight_only,5,292,-0.03411070205479448,-3.411070205479448,-8.583611558219175,1.1990902825342478,0.0,-0.10273972602739725,0.11986301369863013,0.3561643835616438,27.054794520547947
volume_price,Volume-Price Analyst,14.000000000000002,weight_only,5,292,-0.04404898972602737,-4.404898972602736,-9.736995890410954,1.0054104452054853,0.05136986301369863,-0.0684931506849315,0.18835616438356165,0.410958904109589,30.136986301369863
candlestick,Candlestick Pattern Analyst,8.0,weight_only,5,292,-0.027418510273972563,-2.7418510273972565,-5.882838227739726,-0.22540894691779875,0.0,-0.08561643835616438,0.08561643835616438,0.15753424657534246,12.67123287671233
overheat,Overheat Auditor,11.0,weight_only,5,292,-0.03688823630136988,-3.6888236301369877,-7.7193834332191775,0.43198309075342006,-0.11986301369863013,-0.2226027397260274,-0.017123287671232876,0.386986301369863,27.73972602739726
risk,Risk Manager,18.0,weight_only,5,292,-0.04707169520547944,-4.707169520547945,-8.360534631849317,-1.3398579623287683,-0.03424657534246575,-0.11986301369863013,0.05136986301369863,0.3219178082191781,23.972602739726025
zhuge_orion,Zhuge Orion,0.0,weight_only,5,292,0.0,0.0,0.0,0.0,0.0,0.0,0.0,0.0,0.0
chair,Final Portfolio Chair,5.0,weight_only,5,292,-0.004929623287671239,-0.4929623287671239,-1.3324335188356171,0.23596596746575113,-0.03424657534246575,-0.08561643835616438,0.0,0.04794520547945205,4.4520547945205475
market_regime,Market Regime Judge,9.0,full_path,1,296,-0.01863184121621622,-1.863184121621622,-3.7556673564189187,-0.07229366554053898,-0.05067567567567568,-0.13513513513513514,0.033783783783783786,0.4189189189189189,28.716216216216218
trend,Trend Follower,18.0,full_path,1,296,-0.018674847972972967,-1.8674847972972968,-5.745630025337838,2.039316385135132,0.05067567567567563,-0.18581081081081083,0.2875844594594591,1.489864864864865,64.86486486486487
livermore,Livermore Breakout Trader,17.0,full_path,1,296,-0.0047765709459459205,-0.47765709459459205,-1.9502096283783747,1.1152392314189192,2.400482215405744e-17,-0.06756756756756757,0.06756756756756761,0.3547297297297297,27.027027027027028
volume_price,Volume-Price Analyst,14.000000000000002,full_path,1,296,-0.009428378378378371,-0.9428378378378371,-3.1769179898648665,1.4327383445945951,0.05067567567567568,-0.08445945945945946,0.16934121621621584,0.5540540540540541,38.85135135135135
candlestick,Candlestick Pattern Analyst,8.0,full_path,1,296,0.0014067736486486626,0.14067736486486626,-0.8893578124999981,1.29220620777027,-0.016891891891891893,-0.08445945945945946,0.033783783783783786,0.16891891891891891,13.175675675675674
overheat,Overheat Auditor,11.0,full_path,1,296,-0.008360135135135126,-0.8360135135135126,-2.766705152027026,1.0604817145270269,-0.03378378378378376,-0.13513513513513511,0.06756756756756759,0.6114864864864865,31.41891891891892
risk,Risk Manager,18.0,full_path,1,296,-0.02423947635135135,-2.4239476351351352,-6.344387077702707,1.5790785895270283,0.23648648648648649,-0.033783783783783834,0.5236486486486486,2.0,75.33783783783784
zhuge_orion,Zhuge Orion,0.0,full_path,1,296,-4.4679054054052694e-05,-0.0044679054054052696,-0.19203547297297277,0.17863175675675616,0.0,0.0,0.0,0.006756756756756757,0.6756756756756757
chair,Final Portfolio Chair,5.0,full_path,1,296,-0.0005963006756756623,-0.059630067567566225,-0.698886739864865,0.7098571368243274,-0.016891891891891893,-0.05067567567567568,0.0,0.0472972972972973,4.391891891891892
market_regime,Market Regime Judge,9.0,full_path,5,292,-0.033857260273972546,-3.3857260273972547,-7.8381315924657455,1.644866652397272,-0.0684931506849315,-0.18835616438356165,0.05136986301369863,0.4041095890410959,28.08219178082192
trend,Trend Follower,18.0,full_path,5,292,-0.11671304794520546,-11.671304794520546,-21.27153142123287,-2.972126327054794,-0.06849315068493149,-0.30821917808219174,0.17123287671232879,1.452054794520548,64.38356164383562
livermore,Livermore Breakout Trader,17.0,full_path,5,292,-0.03274864726027392,-3.274864726027392,-8.75449315068492,1.4902404537671292,0.017123287671232876,-0.10273972602739725,0.136986301369863,0.3595890410958904,27.397260273972602
volume_price,Volume-Price Analyst,14.000000000000002,full_path,5,292,-0.038142345890410954,-3.8142345890410954,-9.801168065068481,2.183440839041093,0.0684931506849315,-0.08561643835616438,0.2226027397260274,0.547945205479452,38.35616438356164
candlestick,Candlestick Pattern Analyst,8.0,full_path,5,292,-0.026156934931506812,-2.6156934931506814,-5.2046564640410855,-0.2818550941780824,-0.017123287671232876,-0.10273972602739725,0.0684931506849315,0.17123287671232876,13.356164383561644
overheat,Overheat Auditor,11.0,full_path,5,292,-0.007252020547945211,-0.7252020547945212,-6.402669049657536,5.264418964041083,-0.017123287671232876,-0.17123287671232876,0.136986301369863,0.6198630136986302,31.84931506849315
risk,Risk Manager,18.0,full_path,5,292,-0.15306974315068494,-15.306974315068494,-26.54444550513699,-5.237406506849323,0.136986301369863,-0.10273972602739725,0.3767123287671233,1.976027397260274,75.0
zhuge_orion,Zhuge Orion,0.0,full_path,5,292,0.0008649143835616544,0.08649143835616543,-0.2940924657534231,0.5535667808219196,0.0,0.0,0.0,0.00684931506849315,0.684931506849315
chair,Final Portfolio Chair,5.0,full_path,5,292,-0.004929623287671239,-0.4929623287671239,-1.316363056506851,0.3055674229452065,-0.03424657534246575,-0.08561643835616438,0.0,0.04794520547945205,4.4520547945205475
