signal_date,benchmark_tail_digit,zhuge_score,posture,element,names_changed,neutral_return_1d_pct,close_tail_return_1d_pct,return_delta_1d_pct,neutral_crash_rate_1d_pct,close_tail_crash_rate_1d_pct,neutral_return_5d_pct,close_tail_return_5d_pct,return_delta_5d_pct,neutral_crash_rate_5d_pct,close_tail_crash_rate_5d_pct
2024-10-10,5,5.5,neutral,earth,0,-1.839725,-1.839725,0.0,0.0,0.0,-4.377795000000001,-4.377795000000001,0.0,15.0,15.0
2024-10-11,6,3.4,defensive,water,0,0.9240100000000002,0.9240100000000002,0.0,0.0,0.0,-0.4120000000000002,-0.4120000000000001,1.1102230246251565e-16,0.0,0.0
2024-10-14,9,4.2,conservative,metal,0,-2.257125,-2.257125,0.0,0.0,0.0,-0.5937449999999997,-0.5937449999999997,0.0,0.0,0.0
2024-10-15,0,5.5,neutral,earth,0,0.7153349999999999,0.7153349999999999,0.0,0.0,0.0,4.772684999999999,4.772684999999999,0.0,0.0,0.0
2024-10-16,5,5.5,neutral,earth,0,-1.6873600000000004,-1.6873600000000004,0.0,0.0,0.0,4.239915000000001,4.239915000000001,0.0,0.0,0.0
2024-10-21,5,5.5,neutral,earth,0,0.941615,0.941615,0.0,0.0,0.0,-0.15633999999999998,-0.15633999999999998,0.0,5.0,5.0
2024-10-22,9,4.2,conservative,metal,0,0.1899700000000001,0.18997000000000003,-8.326672684688674e-17,0.0,0.0,-2.5353000000000003,-2.5353000000000003,0.0,5.0,5.0
2024-10-23,4,4.2,conservative,metal,0,0.48409,0.48409,0.0,0.0,0.0,-1.892535,-1.892535,0.0,0.0,0.0
2024-10-24,0,5.5,neutral,earth,0,-0.023834999999999978,-0.023834999999999978,0.0,0.0,0.0,-2.6748950000000002,-2.6748950000000002,0.0,5.0,5.0
2024-10-25,9,4.2,conservative,metal,0,-0.53732,-0.53732,0.0,0.0,0.0,-4.55833,-4.55833,0.0,5.0,5.0
2024-10-28,5,5.5,neutral,earth,0,-1.168185,-1.168185,0.0,0.0,0.0,-1.1533449999999998,-1.1533449999999998,0.0,0.0,0.0
2024-10-29,2,7.6,aggressive,fire,0,-0.8830350000000001,-0.8830350000000001,0.0,0.0,0.0,3.833905,3.833905,0.0,0.0,0.0
2024-10-30,0,5.5,neutral,earth,0,1.4337,1.4337,0.0,0.0,0.0,5.442965,5.442965,0.0,0.0,0.0
2024-10-31,0,5.5,neutral,earth,0,-3.4597700000000002,-3.4597700000000002,0.0,35.0,35.0,8.582875000000001,8.582875000000001,0.0,0.0,0.0
2024-11-05,6,3.4,defensive,water,0,-0.7909899999999999,-0.7909899999999999,0.0,0.0,0.0,2.243915,2.243915,0.0,0.0,0.0
2024-11-06,0,5.5,neutral,earth,0,5.421889999999999,5.421889999999999,0.0,0.0,0.0,6.421690000000001,6.421690000000001,0.0,0.0,0.0
2024-11-07,7,7.6,aggressive,fire,0,-1.8668600000000002,-1.8668600000000002,0.0,5.0,5.0,-3.9975099999999997,-3.9975099999999997,0.0,5.0,5.0
2024-11-08,3,6.3,balanced,wood,0,2.8918500000000003,2.8918500000000003,0.0,5.0,5.0,-5.59308,-5.59308,0.0,5.0,5.0
2024-11-11,4,4.2,conservative,metal,0,-2.0434449999999997,-2.0434449999999997,0.0,10.0,10.0,-9.765455,-9.765455,0.0,50.0,50.0
2024-11-12,8,6.3,balanced,wood,0,1.60458,1.60458,0.0,0.0,0.0,-5.7084850000000005,-5.7084850000000005,0.0,20.0,20.0
2024-11-13,4,4.2,conservative,metal,0,-2.804185,-2.804185,0.0,15.0,15.0,-6.347964999999999,-6.347964999999999,0.0,20.0,20.0
2024-11-14,3,6.3,balanced,wood,0,-3.056615,-3.056615,0.0,15.0,15.0,-3.080635,-3.080635,0.0,0.0,0.0
2024-12-02,0,5.5,neutral,earth,0,-0.546045,-0.546045,0.0,0.0,0.0,-1.208675,-1.208675,0.0,0.0,0.0
2024-12-06,6,3.4,defensive,water,0,-0.06303999999999996,-0.06303999999999996,0.0,0.0,0.0,-0.790895,-0.7908950000000001,-1.1102230246251565e-16,0.0,0.0
2024-12-09,3,6.3,balanced,wood,0,-3.40468,-3.40468,0.0,20.0,20.0,-4.768139999999999,-4.768139999999999,0.0,15.0,15.0
2024-12-10,4,4.2,conservative,metal,0,-0.3902449999999999,-0.3902449999999999,0.0,0.0,0.0,-2.208065,-2.208065,0.0,0.0,0.0
2024-12-12,6,3.4,defensive,water,0,-1.14267,-1.1426699999999999,2.220446049250313e-16,0.0,0.0,0.31918,0.31918,0.0,5.0,5.0
2025-02-25,0,5.5,neutral,earth,0,0.632795,0.632795,0.0,0.0,0.0,-6.353985,-6.353985,0.0,30.0,30.0
2025-02-26,3,6.3,balanced,wood,0,-0.9111700000000003,-0.91117,2.220446049250313e-16,0.0,0.0,-5.317780000000001,-5.31778,8.881784197001252e-16,20.0,20.0
2025-02-27,6,3.4,defensive,water,1,-2.801845,-2.9575500000000003,-0.1557050000000002,20.0,25.0,-0.5714299999999999,-0.46262,0.1088099999999999,5.0,5.0
2025-07-04,9,4.2,conservative,metal,0,-0.240435,-0.240435,0.0,0.0,0.0,1.8511249999999997,1.8511249999999997,0.0,0.0,0.0
2025-07-07,1,3.4,defensive,water,1,1.546125,1.38982,-0.15630499999999992,0.0,0.0,2.34078,2.2232800000000004,-0.11749999999999972,0.0,0.0
2025-07-08,5,5.5,neutral,earth,0,-1.0601200000000002,-1.0601200000000002,0.0,10.0,10.0,1.146155,1.146155,0.0,0.0,0.0
2025-07-09,2,7.6,aggressive,fire,1,0.3431349999999999,0.311815,-0.031319999999999903,0.0,0.0,2.353955,2.09667,-0.257285,0.0,0.0
2025-07-10,2,7.6,aggressive,fire,0,-0.24902999999999995,-0.24902999999999995,0.0,0.0,0.0,3.2181400000000004,3.2181400000000004,0.0,0.0,0.0
2025-07-11,6,3.4,defensive,water,0,0.9174800000000001,0.91748,-1.1102230246251565e-16,0.0,0.0,4.619560000000001,4.61956,-8.881784197001252e-16,0.0,0.0
2025-07-14,5,5.5,neutral,earth,0,1.5362799999999999,1.5362799999999999,0.0,0.0,0.0,4.1869,4.1869,0.0,0.0,0.0
2025-07-15,5,5.5,neutral,earth,0,-0.8252399999999998,-0.8252399999999998,0.0,10.0,10.0,2.8976400000000004,2.8976400000000004,0.0,0.0,0.0
2025-07-16,6,3.4,defensive,water,0,4.19055,4.19055,0.0,0.0,0.0,4.901705,4.901705,0.0,0.0,0.0
2025-07-18,9,4.2,conservative,metal,0,0.5046950000000001,0.5046950000000001,0.0,0.0,0.0,3.12387,3.12387,0.0,0.0,0.0
2025-07-21,4,4.2,conservative,metal,0,0.5879350000000001,0.5879350000000001,0.0,0.0,0.0,4.95724,4.95724,0.0,0.0,0.0
2025-07-22,8,6.3,balanced,wood,0,0.423935,0.423935,0.0,0.0,0.0,9.210955,9.210955,0.0,0.0,0.0
2025-07-23,6,3.4,defensive,water,0,0.5423700000000002,0.5423699999999998,-4.440892098500626e-16,5.0,5.0,7.1619350000000015,7.1619350000000015,0.0,0.0,0.0
2025-07-24,2,7.6,aggressive,fire,0,0.3144249999999999,0.3144249999999999,0.0,0.0,0.0,8.631635000000001,8.631635000000001,0.0,0.0,0.0
2025-07-25,0,5.5,neutral,earth,0,2.2603400000000002,2.2603400000000002,0.0,0.0,0.0,3.0378549999999995,3.0378549999999995,0.0,5.0,5.0
2025-07-28,1,3.4,defensive,water,0,2.861075,2.861075,0.0,0.0,0.0,1.594855,1.5948550000000001,2.220446049250313e-16,0.0,0.0
2025-07-29,2,7.6,aggressive,fire,0,-0.9543699999999999,-0.9543699999999999,0.0,10.0,10.0,-3.2648699999999997,-3.2648699999999997,0.0,5.0,5.0
2025-07-30,9,4.2,conservative,metal,0,-1.203485,-1.203485,0.0,5.0,5.0,-1.5960949999999998,-1.5960949999999998,0.0,5.0,5.0
2025-07-31,2,7.6,aggressive,fire,0,-1.5179100000000003,-1.5179100000000003,0.0,5.0,5.0,-1.2731599999999998,-1.2731599999999998,0.0,0.0,0.0
2025-08-01,0,5.5,neutral,earth,0,1.010885,1.010885,0.0,0.0,0.0,3.3327150000000003,3.3327150000000003,0.0,0.0,0.0
2025-08-04,9,4.2,conservative,metal,0,-1.0886099999999999,-1.0886099999999999,0.0,5.0,5.0,1.4338549999999999,1.4338549999999999,0.0,0.0,0.0
2025-08-05,0,5.5,neutral,earth,0,1.1445699999999999,1.1445699999999999,0.0,0.0,0.0,5.48427,5.48427,0.0,0.0,0.0
2025-08-06,1,3.4,defensive,water,0,-0.21210500000000004,-0.21210500000000004,0.0,0.0,0.0,10.95241,10.95241,0.0,0.0,0.0
2025-08-07,0,5.5,neutral,earth,0,1.28445,1.28445,0.0,0.0,0.0,9.580224999999999,9.580224999999999,0.0,0.0,0.0
2025-08-08,0,5.5,neutral,earth,0,0.6918000000000001,0.6918000000000001,0.0,0.0,0.0,11.14529,11.14529,0.0,0.0,0.0
2025-08-11,9,4.2,conservative,metal,0,2.34733,2.34733,0.0,0.0,0.0,12.124025,12.124025,0.0,0.0,0.0
2025-08-12,5,5.5,neutral,earth,0,5.423284999999999,5.423284999999999,0.0,5.0,5.0,6.561305,6.561305,0.0,0.0,0.0
2025-08-14,3,6.3,balanced,wood,0,3.1649550000000004,3.1649550000000004,0.0,0.0,0.0,3.5555550000000005,3.5555550000000005,0.0,0.0,0.0
2025-08-15,2,7.6,aggressive,fire,0,0.7085950000000001,0.7085950000000001,0.0,0.0,0.0,6.313969999999999,6.313969999999999,0.0,0.0,0.0
2025-08-18,4,4.2,conservative,metal,0,-0.5477400000000001,-0.5477400000000001,0.0,5.0,5.0,6.84363,6.84363,0.0,0.0,0.0
2025-08-19,2,7.6,aggressive,fire,0,2.143205,2.143205,0.0,0.0,0.0,8.589735000000001,8.589735000000001,0.0,0.0,0.0
2025-08-20,1,3.4,defensive,water,0,-0.545925,-0.5459249999999999,1.1102230246251565e-16,5.0,5.0,7.033969999999999,7.033969999999999,0.0,0.0,0.0
2025-08-21,5,5.5,neutral,earth,0,4.924080000000001,4.924080000000001,0.0,0.0,0.0,13.656790000000004,13.656790000000004,0.0,0.0,0.0
2025-08-22,6,3.4,defensive,water,1,1.02595,1.1243399999999997,0.09838999999999976,0.0,0.0,6.90672,6.0675,-0.8392200000000001,0.0,0.0
2025-08-25,2,7.6,aggressive,fire,1,0.40523999999999993,0.7932050000000002,0.3879650000000002,0.0,0.0,8.92534,9.01793,0.0925899999999995,0.0,0.0
2025-08-26,8,6.3,balanced,wood,0,0.08464000000000005,0.08464000000000005,0.0,0.0,0.0,6.598730000000001,6.598730000000001,0.0,0.0,0.0
2025-08-27,2,7.6,aggressive,fire,0,5.47056,5.47056,0.0,0.0,0.0,6.077064999999999,6.077064999999999,0.0,0.0,0.0
2025-08-28,6,3.4,defensive,water,0,0.46785000000000015,0.46785,-1.6653345369377348e-16,0.0,0.0,-3.79651,-3.79651,0.0,20.0,20.0
2025-08-29,8,6.3,balanced,wood,0,1.3035599999999998,1.3035599999999998,0.0,0.0,0.0,-2.9226899999999993,-2.9226899999999993,0.0,15.0,15.0
2025-09-01,3,6.3,balanced,wood,0,-5.1967799999999995,-5.1967799999999995,0.0,55.00000000000001,55.00000000000001,-4.718064999999998,-4.718064999999998,0.0,35.0,35.0
2025-09-02,7,7.6,aggressive,fire,0,-0.12235999999999984,-0.12235999999999984,0.0,10.0,10.0,-2.6983099999999998,-2.6983099999999998,0.0,15.0,15.0
2025-09-03,6,3.4,defensive,water,0,-8.49898,-8.49898,0.0,75.0,75.0,-3.209675,-3.209675,0.0,10.0,10.0
2025-09-05,1,3.4,defensive,water,0,-0.765855,-0.7658549999999998,1.1102230246251565e-16,5.0,5.0,2.8507249999999997,2.8507249999999997,0.0,0.0,0.0
2025-09-08,2,7.6,aggressive,fire,0,-1.613165,-1.613165,0.0,5.0,5.0,5.802855,5.802855,0.0,0.0,0.0
2025-09-09,5,5.5,neutral,earth,0,1.25436,1.25436,0.0,0.0,0.0,5.294015,5.294015,0.0,0.0,0.0
2025-09-10,5,5.5,neutral,earth,0,5.7835149999999995,5.7835149999999995,0.0,0.0,0.0,5.672140000000001,5.672140000000001,0.0,0.0,0.0
2025-09-11,7,7.6,aggressive,fire,0,0.26230000000000003,0.26230000000000003,0.0,0.0,0.0,2.0971,2.0971,0.0,0.0,0.0
2025-09-12,8,6.3,balanced,wood,0,-0.843805,-0.843805,0.0,0.0,0.0,1.32279,1.32279,0.0,0.0,0.0
2025-09-15,6,3.4,defensive,water,0,0.060814999999999966,0.060814999999999966,0.0,0.0,0.0,4.33717,4.33717,0.0,0.0,0.0
2025-09-16,7,7.6,aggressive,fire,0,0.80909,0.80909,0.0,0.0,0.0,8.15648,8.15648,0.0,0.0,0.0
2025-09-17,0,5.5,neutral,earth,0,0.6262200000000002,0.6262200000000002,0.0,5.0,5.0,7.572185,7.572185,0.0,0.0,0.0
2025-09-18,1,3.4,defensive,water,0,0.2897149999999999,0.28971500000000006,1.6653345369377348e-16,0.0,0.0,8.012674999999998,8.012674999999998,0.0,0.0,0.0
2025-09-19,1,3.4,defensive,water,0,2.725135,2.725135,0.0,0.0,0.0,3.9797350000000007,3.9797350000000007,0.0,5.0,5.0
2025-09-22,6,3.4,defensive,water,0,-1.171735,-1.1717349999999995,4.440892098500626e-16,15.0,15.0,3.746295,3.746295,0.0,15.0,15.0
2025-09-23,9,4.2,conservative,metal,0,3.5491749999999995,3.5491749999999995,0.0,0.0,0.0,3.7406549999999994,3.7406549999999994,0.0,0.0,0.0
2025-09-24,0,5.5,neutral,earth,0,1.4592299999999998,1.4592299999999998,0.0,0.0,0.0,4.030825,4.030825,0.0,0.0,0.0
2025-09-25,2,7.6,aggressive,fire,0,-1.557045,-1.557045,0.0,15.0,15.0,-0.18929499999999985,-0.18929499999999985,0.0,10.0,10.0
2025-09-26,8,6.3,balanced,wood,0,3.7637799999999997,3.7637799999999997,0.0,0.0,0.0,0.8421849999999997,0.8421849999999997,0.0,10.0,10.0
2025-09-29,5,5.5,neutral,earth,0,-0.4162699999999999,-0.4162699999999999,0.0,5.0,5.0,-7.902300000000001,-7.902300000000001,0.0,45.0,45.0
2025-09-30,8,6.3,balanced,wood,0,1.214885,1.214885,0.0,0.0,0.0,-5.401999999999999,-5.401999999999999,0.0,35.0,35.0
2025-10-09,3,6.3,balanced,wood,0,-3.4385200000000005,-3.4385200000000005,0.0,30.0,30.0,-6.306495,-6.306495,0.0,25.0,25.0
2025-10-10,6,3.4,defensive,water,0,4.748850000000001,4.748850000000001,0.0,0.0,0.0,-0.8688499999999998,-0.8688500000000001,-3.3306690738754696e-16,0.0,0.0
2025-10-13,9,4.2,conservative,metal,1,-7.177959999999999,-7.061739999999999,0.11622000000000021,70.0,70.0,-8.108965000000001,-8.071945000000001,0.03702000000000005,35.0,35.0
2025-10-22,2,7.6,aggressive,fire,0,0.5111449999999998,0.5111449999999998,0.0,0.0,0.0,16.62438,16.62438,0.0,0.0,0.0
2025-10-24,7,7.6,aggressive,fire,0,2.21935,2.21935,0.0,0.0,0.0,-1.7825849999999996,-1.7825849999999996,0.0,15.0,15.0
2025-10-27,3,6.3,balanced,wood,0,-0.14732000000000003,-0.14732000000000003,0.0,0.0,0.0,-3.4724600000000003,-3.4724600000000003,0.0,5.0,5.0
2025-10-28,9,4.2,conservative,metal,0,1.23795,1.23795,0.0,0.0,0.0,-6.66401,-6.66401,0.0,25.0,25.0
2025-10-29,9,4.2,conservative,metal,0,-1.1454,-1.1454,0.0,0.0,0.0,-7.061039999999998,-7.06104,-1.7763568394002505e-15,20.0,20.0
2025-10-30,0,5.5,neutral,earth,0,-4.819694999999999,-4.819694999999999,0.0,50.0,50.0,-1.7284199999999998,-1.7284199999999998,0.0,5.0,5.0
2025-10-31,3,6.3,balanced,wood,0,2.0729949999999997,2.0729949999999997,0.0,0.0,0.0,4.487699999999999,4.487699999999999,0.0,0.0,0.0
2025-11-03,0,5.5,neutral,earth,0,-1.9297299999999997,-1.9297299999999997,0.0,10.0,10.0,0.23900000000000002,0.23900000000000002,0.0,0.0,0.0
2025-11-04,6,3.4,defensive,water,0,5.29606,5.29606,0.0,0.0,0.0,6.213770000000001,6.21377,-8.881784197001252e-16,0.0,0.0
2025-11-06,2,7.6,aggressive,fire,0,0.03872999999999998,0.03872999999999998,0.0,0.0,0.0,-3.2506499999999994,-3.2506500000000003,-8.881784197001252e-16,5.0,5.0
2025-11-07,2,7.6,aggressive,fire,0,-2.058665,-2.058665,0.0,0.0,0.0,-5.994635,-5.994635,0.0,20.0,20.0
2025-11-10,4,4.2,conservative,metal,0,-2.686385,-2.686385,0.0,20.0,20.0,-5.198675,-5.198675,0.0,5.0,5.0
2026-01-08,0,5.5,neutral,earth,0,1.2679449999999999,1.2679449999999999,0.0,0.0,0.0,4.41982,4.41982,0.0,0.0,0.0
2026-01-16,6,3.4,defensive,water,0,1.1116199999999998,1.1116199999999998,0.0,0.0,0.0,3.3428149999999994,3.3428149999999994,0.0,0.0,0.0
2026-01-19,8,6.3,balanced,wood,0,-1.34451,-1.34451,0.0,15.0,15.0,3.956090000000001,3.956090000000001,0.0,0.0,0.0
2026-01-20,4,4.2,conservative,metal,0,2.34627,2.34627,0.0,0.0,0.0,6.547395,6.547395,0.0,0.0,0.0
2026-01-27,0,5.5,neutral,earth,0,2.0560650000000003,2.0560650000000003,0.0,0.0,0.0,1.1155750000000002,1.1155750000000002,0.0,5.0,5.0
2026-01-28,5,5.5,neutral,earth,0,-2.3937600000000003,-2.3937600000000003,0.0,15.0,15.0,-0.6599849999999998,-0.6599849999999998,0.0,25.0,25.0
2026-01-29,8,6.3,balanced,wood,0,2.0522650000000002,2.0522650000000002,0.0,5.0,5.0,-1.4604699999999997,-1.4604699999999997,0.0,15.0,15.0
2026-01-30,1,3.4,defensive,water,0,-3.81464,-3.81464,0.0,30.0,30.0,-4.239050000000001,-4.239050000000001,0.0,30.0,30.0
2026-02-25,0,5.5,neutral,earth,0,2.7561649999999998,2.7561649999999998,0.0,0.0,0.0,-1.2761350000000005,-1.2761350000000005,0.0,15.0,15.0
2026-02-26,5,5.5,neutral,earth,0,0.29218500000000003,0.29218500000000003,0.0,0.0,0.0,-2.3944400000000003,-2.3944400000000003,0.0,5.0,5.0
2026-02-27,5,5.5,neutral,earth,0,1.9560600000000004,1.9560600000000004,0.0,0.0,0.0,-3.7047649999999996,-3.7047649999999996,0.0,10.0,10.0
2026-03-02,9,4.2,conservative,metal,0,-5.06907,-5.06907,0.0,55.00000000000001,55.00000000000001,-8.67158,-8.67158,0.0,40.0,40.0
2026-03-05,4,4.2,conservative,metal,0,-0.47409999999999997,-0.47409999999999997,0.0,0.0,0.0,1.929325,1.929325,0.0,0.0,0.0
2026-03-06,7,7.6,aggressive,fire,0,0.850185,0.8501849999999997,-2.220446049250313e-16,0.0,0.0,3.280409999999999,3.28041,8.881784197001252e-16,15.0,15.0
2026-04-21,6,3.4,defensive,water,0,4.552455,4.552455,0.0,0.0,0.0,3.957655,3.957655,0.0,5.0,5.0
2026-04-23,1,3.4,defensive,water,1,-1.1617250000000001,-1.14669,0.015035000000000132,5.0,5.0,2.0328150000000003,2.323745,0.2909299999999999,5.0,5.0
2026-04-24,2,7.6,aggressive,fire,0,0.9299350000000001,0.9299350000000001,0.0,0.0,0.0,7.742800000000001,7.742800000000001,0.0,0.0,0.0
2026-04-27,2,7.6,aggressive,fire,0,0.23398500000000003,0.2339850000000001,8.326672684688674e-17,0.0,0.0,11.461375,11.461375,0.0,0.0,0.0
2026-04-28,0,5.5,neutral,earth,0,1.26211,1.26211,0.0,0.0,0.0,7.385589999999999,7.385589999999999,0.0,0.0,0.0
2026-04-29,1,3.4,defensive,water,0,-0.7535749999999999,-0.7535749999999999,0.0,0.0,0.0,11.799865,11.799865,0.0,0.0,0.0
2026-04-30,4,4.2,conservative,metal,0,1.8419900000000002,1.8419900000000002,0.0,0.0,0.0,8.46588,8.46588,0.0,0.0,0.0
2026-05-07,2,7.6,aggressive,fire,0,1.37984,1.37984,0.0,0.0,0.0,7.774130000000001,7.774130000000001,0.0,0.0,0.0
2026-05-08,6,3.4,defensive,water,0,2.1351050000000003,2.1351050000000003,0.0,5.0,5.0,1.7058899999999997,1.7058899999999997,0.0,10.0,10.0
2026-05-11,6,3.4,defensive,water,0,0.3214499999999999,0.3214499999999999,0.0,0.0,0.0,1.3597949999999999,1.3597949999999999,0.0,0.0,0.0
2026-05-12,3,6.3,balanced,wood,0,6.86313,6.86313,0.0,0.0,0.0,3.8591600000000006,3.8591600000000006,0.0,0.0,0.0
2026-05-13,7,7.6,aggressive,fire,0,-3.797030000000001,-3.7970299999999995,1.3322676295501878e-15,30.0,30.0,-0.6647000000000002,-0.6647000000000001,1.1102230246251565e-16,20.0,20.0
2026-05-14,1,3.4,defensive,water,0,-2.4279100000000002,-2.42791,4.440892098500626e-16,15.0,15.0,-1.7491549999999996,-1.7491549999999996,0.0,10.0,10.0
2026-05-15,8,6.3,balanced,wood,0,2.561935,2.561935,0.0,0.0,0.0,7.43844,7.43844,0.0,0.0,0.0
2026-05-18,2,7.6,aggressive,fire,0,1.883285,1.883285,0.0,0.0,0.0,11.327385000000001,11.327385000000001,0.0,0.0,0.0
2026-05-19,9,4.2,conservative,metal,0,0.8742899999999999,0.8742899999999999,0.0,5.0,5.0,7.822065,7.822065,0.0,5.0,5.0
2026-05-20,1,3.4,defensive,water,0,-4.1483550000000005,-4.1483550000000005,0.0,55.00000000000001,55.00000000000001,6.743555000000001,6.743555000000001,0.0,5.0,5.0
2026-05-21,8,6.3,balanced,wood,0,4.208304999999999,4.208304999999999,0.0,0.0,0.0,11.37968,11.37968,0.0,0.0,0.0
2026-05-22,2,7.6,aggressive,fire,0,4.26518,4.26518,0.0,0.0,0.0,2.1707899999999998,2.1707899999999998,0.0,5.0,5.0
2026-05-25,7,7.6,aggressive,fire,0,0.8049499999999998,0.8049499999999998,0.0,10.0,10.0,-2.4515900000000004,-2.4515900000000004,0.0,20.0,20.0
2026-05-26,2,7.6,aggressive,fire,0,-1.127045,-1.127045,0.0,5.0,5.0,-1.39841,-1.39841,0.0,20.0,20.0
2026-05-27,2,7.6,aggressive,fire,0,3.5426449999999994,3.5426449999999994,0.0,0.0,0.0,3.8989350000000003,3.8989350000000003,0.0,0.0,0.0
2026-05-28,2,7.6,aggressive,fire,0,-3.4000400000000006,-3.4000400000000006,0.0,20.0,20.0,2.12294,2.12294,0.0,5.0,5.0
2026-05-29,3,6.3,balanced,wood,0,-4.9873,-4.9873,0.0,55.00000000000001,55.00000000000001,0.19002500000000025,0.19002500000000005,-1.942890293094024e-16,10.0,10.0
2026-06-01,8,6.3,balanced,wood,0,4.786485,4.786485,0.0,0.0,0.0,6.682655,6.682655,0.0,0.0,0.0
2026-06-03,5,5.5,neutral,earth,0,3.4679799999999994,3.4679799999999994,0.0,0.0,0.0,0.06362500000000001,0.06362500000000001,0.0,10.0,10.0
2026-06-04,6,3.4,defensive,water,0,-3.0346650000000004,-3.0346649999999995,8.881784197001252e-16,35.0,35.0,-2.7170650000000003,-2.7170650000000003,0.0,20.0,20.0
2026-06-05,3,6.3,balanced,wood,0,3.5011799999999993,3.5011799999999993,0.0,5.0,5.0,5.083270000000001,5.083270000000001,0.0,10.0,10.0
2026-06-10,4,4.2,conservative,metal,0,0.9300050000000002,0.9300050000000002,0.0,0.0,0.0,19.778174999999997,19.778174999999997,0.0,0.0,0.0
2026-06-11,1,3.4,defensive,water,0,-3.77147,-3.77147,0.0,40.0,40.0,16.637415,16.637415,0.0,0.0,0.0
2026-06-12,8,6.3,balanced,wood,0,5.342725,5.342725,0.0,0.0,0.0,22.16088,22.16088,0.0,0.0,0.0
2026-06-16,0,5.5,neutral,earth,0,6.257714999999999,6.257714999999999,0.0,0.0,0.0,11.079939999999999,11.079939999999999,0.0,0.0,0.0
2026-06-17,8,6.3,balanced,wood,0,5.156844999999999,5.156844999999999,0.0,0.0,0.0,11.039905,11.039905,0.0,0.0,0.0
2026-06-18,4,4.2,conservative,metal,0,1.107245,1.107245,0.0,5.0,5.0,5.997925,5.997925,0.0,5.0,5.0
2026-06-22,1,3.4,defensive,water,0,-2.47881,-2.47881,0.0,15.0,15.0,,,,,
2026-06-23,2,7.6,aggressive,fire,0,4.249125,4.249125,0.0,0.0,0.0,,,,,
2026-06-24,7,7.6,aggressive,fire,0,4.022920000000001,4.022920000000001,0.0,0.0,0.0,,,,,
2026-06-25,8,6.3,balanced,wood,0,-1.515905,-1.515905,0.0,20.0,20.0,,,,,
2026-06-26,7,7.6,aggressive,fire,0,,,,,,,,,,
